name,price,status,shipping,free_returns,items_sold
Music Hall MMF 3.3 HiFi Turntable with Premium Upgrades,$749.00,Brand New,0,True,20
Music Hall MMF 2.3 HiFi Turntable with Premium Upgrades,$549.00,Brand New,0,True,
Victrola Automatic Turntable - Black (VPT-800-BLK),$84.95,Open Box,0,False,21
Audio-Technica AT-LP60X Turntable - Black,$150.00,Brand New,22.55,False,
Vinyl Record Player Wireless Bluetooth Turntable HiFi System Magnetic Cartridge,$159.99,Brand New,0,False,158
Audio-Technica LP120XUSB-WB Direct-Drive Turntable (Analog & USB) White / Bronze,$479.00,Brand New,0,False,
JM-106 2 Speed Belt Drive Bluetooth Turntable Record Player w/ Audio Technica,$59.99,Pre-Owned,29.8324,False,
Audio-Technica AT-LP60X Turntable - Black,$179.00,Brand New,0,False,
Vinyl Record Player Turntable Bluetooth 3 Speed Built-in Speakers Retro Portable,$33.99,Open Box,0,True,
Audio-Technica AT-LP120-USB Direct-Drive Professional Turntable (USB and Analog),$350.00,Open Box,16.55,False,
"Bluetooth Record Player Belt-Driven 3-Speed Turntable, with Headphone Jack",$39.99,Brand New,0,False,94
Pro-Ject 2 Xperience Classic Turntable Olive Wood Carbon Arm – Needs Work,$499.00,Pre-Owned,21.96,False,
Fluance Reference High Fidelity Vinyl Turntable Record Player Ortofon Cartridge,$399.99,Brand New,0,False,
Victrola Stream Onyx - Wi-Fi Turntable (Works with Sonos),$385.50,Pre-Owned,23.1024,False,
"Belt Drive Turntable with Bluetooth Connectivity, Built-in Phono Pre-amp, USB Di",$186.99,Brand New,0,False,
STOKYO RECORD MATE Portable Record Player BLACK EDITION RM-1B,$345.00,Brand New,10.2223,False,
10-in-1 Bluetooth Record Player Multifunctional 3-Speed Turntable Vinyl Record,$109.99,Brand New,0,False,161
Bluetooth Vintage Vinyl Record Player Belt-Driven 3-Speed Turntable  Aux Input,$39.99,Brand New,0,False,985
"Bluetooth Record Player Turntable with Stereo Speaker, LP Vinyl to MP3 Converter",$99.99,Brand New,0,False,822
Fluance Reference High Fidelity Vinyl Turntable Record Player Ortofon Cartridge,$349.99,Brand New,0,False,
Bluetooth Record Player with Stereo Speakers Turntable for Vinyl to MP3,$64.99,Brand New,0,False,1524
Technics SL-L25 Linear Drive Turntable (Powers On) audio technica 3003 cartridge,$49.99,Parts Only,32.99,False,
Vinyl Record Player Bluetooth Vintage 3-Speed Portable Suitcase Turntables,$49.99,Brand New,0,True,
"Audio-Technica AT-LP120XBT Direct-Drive Turntable (w/ Bluetooth, USB)",$349.00,Pre-Owned,69.28,False,
Fluance Reference High Fidelity Vinyl Turntable Record Player Ortofon Cartridge,$549.99,Brand New,0,False,
M49 Blue Vinyl Record Player Turntable Bluetooth 3 Speed Built-in Speakers Retr,$33.99,Open Box,0,True,
Teac: TN-180BT Semi-Automatic Turntable w/ Bluetooth - Cherry,$239.99,Brand New,0,False,
Fluance Reference High Fidelity Vinyl Turntable Record Player Nagaoka Cartridge,$549.99,Brand New,0,False,
"Dayton Audio TT-1BTW Belt Drive Turntable with USB, Bluetooth,Audio Technica AT-",$279.98,Brand New,0,True,
Audio-Technica Stereo Turntable Black 33.3RPM 45RPM with The Black Keys Slipmat,$69.99,Pre-Owned,24.93,False,
"Belt Drive Turntable with Bluetooth Connectivity, Built-in Phono Pre-amp, USB Di",$156.42,Brand New,0,False,
MINT MCS 6401 turntable,$159.00,Pre-Owned,50.0,False,
Audio-Technica - AT-LP70X-BZ Fully Automatic Belt-Drive Turntable - Black/bronze,$249.99,Brand New,0,False,61
Garrard TurntableAT60 - good working condition,$125.00,Pre-Owned,,False,
Fluance RT85 Reference Turntable with Record Weight and Vinyl Cleaning Kit,$607.99,Brand New,0,False,
TECHPLAY RECORD PLAYER TURNTABLE BLUETOOTH BROADCAST AT3600L NEEDLE GHOST BLACK,$139.95,Brand New,22.912,False,
Yamaha YP-511 Direct Drive Record Player Turntable Confirmed Excellent Operation,$335.00,Pre-Owned,60.0,True,137
Sony Servo Lock/ Fully Automatic Stereo Turntable System PS-FL1 - Read,$119.99,Pre-Owned,14.892,True,
Victrola VPT-1500-BLK Onyx Bluetooth Hi-Res Audio Turntable (Black),$229.99,Open Box,24.18,False,
Pioneer XL-1550 Turntable Stereo Record Player Direct Drive Operation Confirmed,$334.20,Pre-Owned,0,False,
Crosley CR42D-PA Lancaster Turntable Bluetooth Record Player - Open Box Savings!,$89.95,Open Box,0,False,
JVC QL-A2 DIRECT DRIVE FG SERVO TURNTABLE AUTO-RETURN,$0.99,Pre-Owned,46.37,True,
Insignia- Bluetooth Stereo Turntable - Black,See price,Brand New,0,False,126
"NIB, ION Premier Stereo Turntable / Vinyl Record Player, C/No. 874",$99.95,Brand New,24.95,False,
Turntable Yamaha  P-751 Quartz Direct Drive Full Automatic,$79.99,Parts Only,18.72,False,
Pickering XLZ/7500S Stanton 981/LZS Top American Made Cartridge,$699.00,Open Box,55.45,False,
"Victrola Brighton Bluetooth Record Player – 3-Speed Turntable, Built-in Speakers",$27.49,Open Box,10.0,False,
"20cm 360° Electric Rotating Turntable, Rechargeable Low Noise Display Stand Show",$21.98,Brand New,0,True,205
Vinyl Record Player with Speakers Vintage Turntable  Vinyls Records Belt-Drive,$50.00,Open Box,0,False,
"Bluetooth Record Player Turntable with Stereo Speaker, LP Vinyl to MP3 Converter",$99.99,Brand New,0,True,51
"Fluance RT85N Reference HiFi Turntable, Nagaoka MP-110 Cartridge, Isolation Base",$687.99,Brand New,0,False,
M49 White Vinyl Record Player Turntable Bluetooth 3 Speed Built-in Speakers Retr,$33.99,Open Box,0,True,
Crosley Stave Record Player - Walnut/Gold,$174.95,Open Box,0,False,
Sony PS-212 Direct Drive Turntable Bench Tested Working Missing Left Foot READ,$85.00,Pre-Owned,0,False,
Crosley Cruiser Plus Portable Turntable with Bluetooth In/Out - Basketweave,$44.95,Open Box,0,False,
Crosley Cruiser Plus RSD Wicked For Good Record Player in Glinda Pink,$109.95,Brand New,0,False,
Audio-Technica AT-LP70XBT Automatic Belt-Drive Turntable Bluetooth Black Silver,$299.00,Brand New,0,True,
Crosley Mercury Turntable with Bluetooth In/Out - Cream Croc,$49.95,Open Box,0,False,
Victrola VPT-3000 Stream Carbon 2 Speed Turntable Works With Sonos (WORKS GREAT),$479.99,Pre-Owned,0,True,
Vintage Realistic LAB-395 Direct Drive Automatic Turntable Gray 33/45 RPM RCA,$199.99,Pre-Owned,9.95,True,
Audio-Technica LP120XUSB-WB Direct-Drive Turntable (Analog & USB) White / Bronze,$479.00,Brand New,0,False,
Victor Cosmopolitan 8-in-1 Turntable Music Center w/ 3-Speed Turntable & Radio,$209.99,Brand New,0,False,
360° Rotating Display Stand Electric Motorized Jewelry Photography Turntable,$14.98,Brand New,0,True,125
"HEADSHELL CARTRIDGE ADAPTER FOR DUAL 269-611, 505, 505-1, 506-1, 508, 528, 607",$17.99,Brand New,0,True,
1 by ONE High Fidelity Belt Drive Turntable With Built-In Speakers Vinyl Player,$147.89,Brand New,16.37,True,
Crosley Mercury Turntable with Bluetooth In/Out - Cream Croc,$49.95,Open Box,0,False,
Vinyl Record Player 9-in-1 Bluetooth Turntable CD Cassette Player FM/AM Radio,$176.57,Brand New,0,True,
U-Turn Audio Orbit Plus Turntable (Gen 2) with Built-in Preamp - Oak,$539.00,Open Box,0,False,
Numark Pro TT-1 Professional Direct Drive Turntable - DJ Vinyl Record Player,$350.00,Pre-Owned,,False,
Yamaha YP-400 Belt Drive Record Player Already Maintained 100V 50/60Hz Excellent,$289.00,Pre-Owned,50.0,True,21
TechPlay ODC128BT Wood Stereo Record Player Turntable Bluetooth CD Cassette,$109.95,Brand New,19.9524,False,284
"Mirrored Turntable Stylus Alignment Protractor – Eliminate Tracking Errors, Redu",$14.95,Brand New,0,False,65
Diamond Needle Stylus Audio Technica AT-LP60 AT-PL50 AT-LP2USB ATLP60 USB AT3600,$15.79,Brand New,0,False,81
Turntable Belt Drive Vinyl Record Player with Bluetooth Connectivity Built in,$113.99,Brand New,2.99,False,
Numark TTUSB Record Player Turntable US,$72.48,Pre-Owned,30.96,False,
"USA Made: Best Audio TK-14 Cart Dual Turntables, Gold Plated Spring! Champagne",$25.00,Brand New,7.7,True,217
Stranger Things WSQK Record Player,$88.50,Open Box,0,True,
Victrola Brighton Record Player Turntable Classic Vinyl Bluetooth 3-Speed RCAout,$48.99,New (Other),0,True,
Pro-Ject Power Box S3 Phono Turntable & Preamp Power Filter (Black) - Brand NEW,$199.99,Brand New,17.99,False,6
Audio-Technica AT-SB727-WH Sound Burger Portable Bluetooth Turntable White [NEW],$155.00,Brand New,12.66,False,
"Electrohome Vinyl Record Player Belt-Drive Turntable, Built-in Preamp, Auto-Stop",$99.99,Brand New,0,False,
Retrolife HQ-KZ006 High-Tech Belt-Driven Turntable System Red New In Box,$109.49,Brand New,10.33,False,
Jensen JTA-230 3-Speed Stereo Turntable Record Player Built-In Speakers & USB,$49.99,Pre-Owned,0,True,
Sony PS-212 Direct Drive Turntable Bench Tested Working Missing Left Foot READ,$85.00,Pre-Owned,0,False,
GENUINE Audio-Technica AT-VM95E Cartridge with TECHNICS style Black Headshell,$59.99,Brand New,0,True,27
Record Player Vintage 3-Speed Bluetooth Vinyl Turntable Belt Driven Suitcase,$45.99,Brand New,0,False,332
"Vinyl Record Cleaning Kit 9-in-1 – Anti-Static Cleaner, Velvet & Carbon Fiber Br",$30.95,Brand New,0,False,149
4.75″ Mini Turntable Display 360 Degree Rotating – Black,$9.98,Brand New,5.5024,True,70
Now Playing Light Up Vinyl Record Stand Wooden LED Display Holder Warm White,$33.99,Brand New,0,False,
"Mini Pottery Wheel Machine for Adults & Beginners, 2 Turntables 3.94"" & 2.56""...",$55.60,Brand New,0,False,
"NantFun Mini Pottery Wheel Machine, 6.5cm 10cm Double Turntables Detachable B...",$54.22,Brand New,0,False,
"NantFun Mini Pottery Wheel Machine, 6.5cm 10cm Double Turntables Detachable B...",$54.22,Brand New,0,False,
"Victrola Nostalgic Aviator Wood 8-in-1 Bluetooth Turntable Entertainment Center,",$75.00,Open Box,0,True,6
"GRIMM'S AUDIO TECHNICA AT-VM95C, E, EN, ML,SH & SP CARTRIDGE BAERWALD PROTRACTOR",$30.00,Brand New,8.75,False,39
Sony PS-LX310BT Hi-Res Belt-Drive USB Turntable with Bluetooth Connectivity - Bl,$289.00,Pre-Owned,0,False,
vinyl record player vintage,$100.00,Pre-Owned,19.11,False,
Victrola WSQK Record Player,$97.99,Brand New,0,True,192
HIFI RIAA Phono Preamp for MM/MC Turntables Mini Record Player Stereo Preamp,$49.99,Brand New,0,True,163
Vangoa Black Turntable Record Player RP-02 with 2 Built-In Speakers,$60.00,Open Box,11.16,False,
"Rotating Display Stand — 360° Turntable, USB Powered, 3 Speeds, Plate Options 15",$85.74,Brand New,0,False,
"Jensen JTA-475 3-Speed Stereo Turntable with CD System, Cassette and AM/FM Stere",$146.99,Brand New,0,True,
"Fluance IB40 Turntable Isolation Base Anti-Vibration Wood Platform, Bubble Level",$149.98,Brand New,0,False,
"ANGELS HORN Vinyl Record Player, Bluetooth Turntable with Built in Speakers",$149.99,Open Box,0,True,
Dual CS 329 Fully Automatic Plug & Play Belt Drive Turntable,$297.80,Excellent - Refurbished,0,True,
Professional Drive Belts For Record Player Turntable 4 Pack,$11.99,Brand New,0,True,
RSD Exclusive Black Friday 2025 Wicked For Good Turntable Green,$89.00,Brand New,20.98,False,
Victrola Automatic Turntable,$154.69,Open Box,0,True,6
NEW SOL Turntable Motor by Schiit Audio Outboard AC Synchronous (400 available),$49.99,Brand New,11.0,False,
Eklectik Bluetooth GUITAR Record Player Vertical Turntable Stereo Speaker HI-FI,$269.99,Brand New,47.9924,True,
Vinyl Styl® VS-M-001 12 Inch Anti Static Cork Turntable Mat - Less Vibration - N,$17.99,Brand New,0,True,53
Technics SL-L25 Linear Drive Turntable (Powers On) audio technica 3003 cartridge,$49.99,Parts Only,32.99,False,
"Hudson Hi-Fi Vinyl Turntable Mats – 12"" Alignment & Strobe Testing Mats (Protrac",$18.95,Brand New,0,False,38
Turntable Cartridges Headshell Display Walnut + Acrylic -Four + Accessories Read,$48.00,Brand New,0,False,
Uimoso Record Player Stand 2 Tiers Wooden Turntable End Table 3 Cabinets Storage,$62.99,Brand New,0,True,50
Audio-Technica AT-LPGO-BT Full Automatic Wireless Bluetooth Belt-Drive Turntable,$169.95,Pre-Owned,0,True,
Boytone BT-28SPW Bluetooth Classic Style CD Player Turntable with AM/FM Radio,$148.00,Open Box,0,True,56
GENUINE Audio Technica AT3600L  cartridge DIAMOND Stylus Brand New  USA seller,$18.95,Brand New,0,True,367
Phono Turntable Preamp- Mini Electronic Audio Stereo Phonograph Preamplifier RCA,$17.99,Brand New,0,False,786
"Heavy Duty 360° Rotating Turntable for Photography - 12"" & 320lbs Capacity",$107.99,Brand New,0,True,
"Modern Vintage Turntable Record Player w/Built-in Speakers, 33 45 RPM Bluetooth",$99.97,Brand New,31.18,True,
Audio Technica AT-PL50 Full Auto Belt Drive Turntable new - no box or  manual,$120.00,Open Box,30.0,False,
Crosley Voyager Bluetooth Portable 3-Speed Turntable CR8017A-DU Beige Belt Drive,$69.30,Open Box,24.16,False,
Glinda Wicked For Good Crosley RSD Black Friday Cruiser Plus Pink NIB FAST SHIP,$180.00,Brand New,0,False,
"Belt Drive Turntable with Bluetooth Connectivity, Built-in Phono Pre-amp, USB Di",$182.01,Brand New,0,False,
"Fluance IB40 Turntable Isolation Base Anti-Vibration Wood Platform, Bubble Level",$149.98,Brand New,0,False,
LUXMAN PD444 Turntable. Works On Both Speeds. Has Issues.  100 Volt Version.,"$1,200.00",Pre-Owned,120.0,False,
Victrola WSQK Record Player,$83.29,Open Box,0,True,57
Numark TTUSB Record Player Turntable US,$72.48,Pre-Owned,30.96,False,
"ANGELS HORN Vinyl Record Player, Bluetooth Turntable with Built in Speakers",$149.99,Open Box,0,True,
Dual CS 329 Fully Automatic Plug & Play Belt Drive Turntable,$297.80,Excellent - Refurbished,0,True,
Studebaker SB6053BW Retro Turntable 3 Speed AM/FM Radio Bluetooth Receiver,$89.99,Open Box,0,True,
Professional Drive Belts For Record Player Turntable 4 Pack,$11.99,Brand New,0,True,
RSD Exclusive Black Friday 2025 Wicked For Good Turntable Green,$89.00,Brand New,20.98,False,
Victor Cosmopolitan 8-in-1 Turntable Music Center w/ 3-Speed Turntable & Radio,$209.99,Brand New,0,False,
Sony PS-LX300USB Stereo Turntable - Excellent-Fully Automatic Phono - Tested,$84.50,Pre-Owned,23.9,False,
Tocadiscos De Vinilo Con Receptor Bluetooth Incorporado y Altavoces Tornamesa,$64.98,Brand New,9.9924,False,
Yamaha YP-D51 Direct Drive Record Player Turntable Confirmed Excellent Operation,$405.00,Pre-Owned,70.0,True,19
Victrola Automatic Turntable,$154.69,Open Box,0,True,6
"ONE-Q All-in-one Vinyl Record Player with Bluetooth 5.4, HiFi Turntable Built-in",$249.00,Open Box,0,True,
NEW SOL Turntable Motor by Schiit Audio Outboard AC Synchronous (400 available),$49.99,Brand New,11.0,False,
Eklectik Bluetooth GUITAR Record Player Vertical Turntable Stereo Speaker HI-FI,$269.99,Brand New,47.9924,True,
Vinyl Styl® VS-M-001 12 Inch Anti Static Cork Turntable Mat - Less Vibration - N,$17.99,Brand New,0,True,53
Technics SL-L25 Linear Drive Turntable (Powers On) audio technica 3003 cartridge,$49.99,Parts Only,32.99,False,
Victrola Automatic Turntable Model: VPT-800-BLK (Used) #b,$70.74,Pre-Owned,20.002,False,
WOCKODER KD-2008 Turntable Vinyl record player 33/45/78 built-in speaker NIB,$49.99,Brand New,11.4024,True,
Victrola HI-RES Onyx VPT-1500,$179.99,Open Box,40.0023,True,
"Hudson Hi-Fi Vinyl Turntable Mats – 12"" Alignment & Strobe Testing Mats (Protrac",$18.95,Brand New,0,False,38
Crosley C6A-RE  Belt-Drive Turntable.,$65.00,Pre-Owned,24.99,False,
"Belt Drive Turntable for Vinyl Record Player,Connect with Bluetooth Speakers",$193.99,Brand New,0,False,
Victrola Harmony VTS1300 Bluetooth 3-Speed Turntable Record Player Natural,$189.59,Pre-Owned,0,True,
TechPlay TCP4530 TR Record Player Turntable 33 45 RPM Belt Drive RCA Out,$149.95,Pre-Owned,0,False,142
Victrola Quincy VTA-200B 6-in-1 Bluetooth Record Player Turntable Mahogany,$110.00,Brand New,0,True,
Uimoso Record Player Stand 2 Tiers Wooden Turntable End Table 3 Cabinets Storage,$62.99,Brand New,0,True,50
Audio-Technica AT-LPGO-BT Full Automatic Wireless Bluetooth Belt-Drive Turntable,$169.95,Pre-Owned,0,True,
Vintage TOSHIBA SR-F770 DIRECT DRIVE Automatic Turntable W/ Manual & Box - Mint,$770.23,Pre-Owned,64.9,False,
Boytone BT-28SPW Bluetooth Classic Style CD Player Turntable with AM/FM Radio,$148.00,Open Box,0,True,56
GENUINE Audio Technica AT3600L  cartridge DIAMOND Stylus Brand New  USA seller,$18.95,Brand New,0,True,367
Victrola Journey+ Bluetooth Suitcase Record Player- Turquoise,$27.96,Open Box,14.88,True,
Audo Technica turn table.,$200.00,Pre-Owned,0,False,
Victrola Navigator 8-in-1 Bluetooth Record Player 3Speed Turntable CD no remote,$120.00,Open Box,18.58,False,
Victrola Eastwood Signature Bluetooth Record Player Turntable,$43.99,Pre-Owned,13.81,False,
House of Marley Stir It Up Belt Drive USB turntable,$72.00,Pre-Owned,24.16,False,
Technics SL-B205 Frequency Generator Servo Automatic Turntable Silver 33/45RPM,$64.65,Parts Only,23.08,False,
"TechPlay ODC107BT , Bluetooth Connection, 3-Speed Turntable FM radio",$29.95,Brand New,9.952,False,370
Solar Battery Powered Showcase 360° Rotating Turntable Jewelry Display Stand,$8.99,Brand New,0,True,158
Pfan-Stat Record Cleaning Fluid – LP Vinyl Turntable Audio Cleaner,$6.99,Brand New,0,False,
Victrola The Liberty Espresso 8-in-1 Bluetooth Turntable Record Player,$95.96,Open Box,16.67,True,
Stylish Retro Vinyl Record Player with USB Function and Bluetooth Connectivity,$67.99,Brand New,0,False,
Victrola The Lewis Mahogany 8-in-1 Bluetooth Turntable Record Player,$95.96,Open Box,14.88,True,
"One Direction Crosley record player, just trying to give it a good home!",$250.00,Pre-Owned,49.55,False,
Victrola Premiere Turntable System T1 VTTS-1-ESP - ESPRESSO New Open Box *LOOK*,$139.95,Open Box,0,False,
Turntables Record Players 100% Synthetic Oil for lubricating-Large 4oz Bottle,$16.89,Brand New,0,True,
Technics Style Headshell Black In Sealed Box Brand New  great price and quality,$18.99,Brand New,0,True,
Digitnow,$49.99,Pre-Owned,6.0,True,
Innovative Technology ITUT-201 Silver Turntable Vinyl Record Player,$49.99,Open Box,9.4524,False,
Fluance RT82 Reference Turntable with Record Weight and Vinyl Cleaning Kit,$412.99,Brand New,0,False,
New Seasonlife Turntable Record Player w/ Built-in Speakers Bluetooth 33 45 RPM,$99.99,Brand New,0,False,
Wockoder Woodgrain Turntable Record Player YS-976,$21.00,Pre-Owned,16.31,False,
Vinyl Record 3 Speed Player Wireless Bluetooth Turntable with Built-in Speakers,$43.99,Brand New,0,False,
Bluetooth Vinyl Record Turntable Portable 3 Speed Belt Drive Lavender Design,$49.99,Brand New,40.1,False,
Boytone BT-24MB Bluetooth Classic Record Player Turntable with CD USB SD AM/FM,$179.00,Brand New,0,False,
Ariston Q Deck Transcription Belt Drive Turntable w/ Andante HSP - SHOWN WORKING,$250.00,Pre-Owned,60.0024,False,
Turntable Belt Drive Vinyl Record Player with Bluetooth Connectivity Built in,$113.99,Brand New,2.99,False,
Audo Technica turn table.,$200.00,Pre-Owned,0,False,
Vinyl Record Player 9-in-1 Bluetooth Turntable CD Cassette Player FM/AM Radio,$176.57,Brand New,0,True,
Victrola HI-RES Onyx VPT-1500,$179.99,Open Box,40.0023,True,
New ANDERS NICHOLSON Model 2665 ~ 3 Speed Turntable with AM / FM Stereo Radio,$48.99,Open Box,23.08,False,
VINTAGE PIONEER AUTOMATIC RETURN STEREO TURNTABLE PL-115D TEST-WORKS,$229.99,Pre-Owned,66.11,False,
"360 Degree Rotating Turntable for Paint Spraying & Craft Projects, 10-inch Diame",$13.87,Brand New,0,True,
1 by ONE High Fidelity Belt Drive Turntable With Built-In Speakers Vinyl Player,$149.99,Open Box,40.31,False,
Crosley CR31D-WA Companion Radio - Walnut Open Box Savings!,$49.95,Open Box,0,False,21
Crosley T400D Component 2-Speed Bluetooth Turntable - Black T400D-BK,$139.99,Brand New,0,False,
Victrola The Liberty Espresso 8-in-1 Bluetooth Turntable Record Player,$95.96,Open Box,16.67,True,
"Boytone BT-28SPS Bluetooth Record Player Turntable, AM/FM, Cassette, CD Player",$179.00,Brand New,0,True,29
Pro-Ject E1 Phono Plug & Play Turntable with Built-in Phono Satin Walnut (Demo),$330.00,Pre-Owned,0,False,
"Mini Pottery Wheel Machine for Adults & Beginners, 2 Turntables 3.94"" & 2.56""...",$55.60,Brand New,0,False,
Innovative Technology ITUT-201 Silver Turntable Vinyl Record Player,$49.99,Open Box,9.4524,False,
Dual Cartridge SLED for Dual Turntables TK14 / TK24 for 1219 1229 etc,$14.78,Brand New,0,False,1054
Victrola Brighton Record Player Turntable Bluetooth 3-Speed RCA Out,$66.29,Open Box,0,True,585
"Fluance Vinyl Record Cleaning Kit with Anti-Static, Velvet & Stylus Brushes",$29.99,Brand New,0,False,
CASEMATIX Carry Case Fits Audio-Technica AT-SB727 YL Sound Burger Record Player,$28.99,Brand New,0,True,76
STYLUS for SONY PS-LX250H PS-LX295 PS-LX300USB ND142G ND155G etc Diamond Needle,$15.89,Brand New,0,False,1262
Turntable Belt PIONEER PL-600 PL-333 PL-590 PL-570 PL-201Z PL-203AZ PL-L90   22,$13.99,Brand New,0,True,659
"Motorized Rotating Display Stand, 360 Degree Electric Rotating Turntable for Pho",$23.12,Brand New,0,True,
Vinyl Record Player  Wireless -Bluetooth Turntable /ION Audio Premier LP,$60.00,Brand New,0,False,
1 by ONE High Fidelity Belt Drive Turntable With Built-In Speakers Vinyl Player,$147.89,Brand New,16.37,True,
MT320RL40P 32cm Electric Turntable Smart Remote Rotating Platform,$49.99,Open Box,7.99,False,
Vinyl Styl Record Player Model SW-196B Vintage Turntable Tested Working,$38.49,Pre-Owned,16.85,False,
Audio-Technica AT-LP120XUSB Turntable - Black,$175.50,Pre-Owned,51.36,False,
"Vinyl Record Player with Speaker Bluetooth Retro Turntable Journey Gift, Black",$57.99,Brand New,0,True,89
STOKYO RECORD MATE Portable Record Player BLACK EDITION RM-1B,$345.00,Brand New,10.2223,False,
Crosley CR8005DBK Cruiser Deluxe 3-Speed Turntable - Black Portable Bluetooth,$35.00,Open Box,14.74,False,
NEW SOL Turntable Motor by Schiit Audio Outboard AC Synchronous (400 available),$49.99,Brand New,11.0,False,
Rare Solid State Made in USA Working GE AC/DC AM Radio & 3 Speed Record Player,$29.50,Pre-Owned,22.5,False,
Technics OVERHANG GAUGE RMR2210-W Technics SL-1200 Turntable Headshell Stand,$6.95,Brand New,7.4524,True,1998
Fluance Vinyl Record Cleaning Kit with 2-in-1 Anti-Static Record & Stylus Brush,$19.99,Brand New,0,False,
"2Pcs Record Player Slip Mat,Felt Slipmats For Vinyl Turntable,Record Player M...",$10.01,Brand New,0,False,
Boytone BT-28SPW Bluetooth Classic Style CD Player Turntable with AM/FM Radio,$148.00,Open Box,0,True,56
"TURNTABLE BELT FOR AUDIO TECHNICA AT-PL50, AT-LP60, AT-LP2D, AT-PL30",$9.99,Brand New,0,True,677
LP& No.1 Vintage Turntable Model: LPSC-026.  Brand New.  Sealed Box,$30.00,Brand New,23.24,False,
Fluance HiFi Vinyl Record Weight 760 Gram LP Disc Stabilizer Turntable Accessory,$49.99,Brand New,0,False,
Victrola The Kingfield Bluetooth Record Player Shelf System with Bookshelf,$116.99,Brand New,0,True,13
TK-12 Cartridge Holder SLED for Dual 1019 Turntables and more,$24.95,Brand New,0,False,
"45 RPM Vinyl Record Adapter, 7 Inch Center Hole Insert for Turntables, Red (3)",$2.97,Brand New,4.99,False,33
"Crosley RSD3 Mini 3"" Record Player Turntable - Exclusive Anthrax Edition /1000",$109.99,Brand New,11.95,False,
Victrola Journey+ Bluetooth Suitcase Record Player- Turquoise,$27.96,Open Box,14.88,True,
The best 100% Synthetic Oil For Lubricating Technics Turntables!!,$13.34,Brand New,0,True,657
Yamaha YP-511 Direct Drive Record Player Turntable Confirmed Excellent Operation,$335.00,Pre-Owned,60.0,True,137
Yamaha YP-400 Belt Drive Record Player Already Maintained 100V 50/60Hz Excellent,$289.00,Pre-Owned,50.0,True,21
RokBlok Pocket Size Wireless Record Player. Plays 45s and LPs,$35.00,Pre-Owned,0,False,
Vintage Pioneer PL-12D Turntable Base Plate,$13.00,Parts Only,9.65,False,
Crosley CR8017A-BK Black Voyager Bluetooth Portable Turntable Not Tested,$14.99,Pre-Owned,0,False,
"Tonearm Latch for Pioneer PL-518 Arm Rest – Fits PL-112D, PL-115, PL-117D",$14.99,,0,True,
1 by One Classic Wooden Turntable Open Box Belt Drive Bluetooth Vinyl Mp3 Record,$94.99,Open Box,41.5,True,
"Modern Vintage Turntable Record Player w/Built-in Speakers, 33 45 RPM Bluetooth",$99.97,Brand New,31.18,True,
"20cm 360° Electric Rotating Turntable, Rechargeable Low Noise Display Stand Show",$19.00,Brand New,0,False,
Wockoder Woodgrain Turntable Record Player YS-976,$21.00,Pre-Owned,16.31,False,
CROSLEY CR8005D-TU Cruiser  RECORD PLAYER TURNTABLE CR8005-TU NEW,$20.00,Brand New,15.5,False,
Ortofon 2M Blue Mounted on SH-4 Black Headshell (DEMO),$199.00,Pre-Owned,0,False,
"Record Player Stand with Vinyl Storage, Record Player Table with Vinyl Record St",$88.85,Brand New,0,True,
American Audio Pro-Scratch 2  CD Player Digital Turntable Controller. Tested!,$250.00,Pre-Owned,20.69,False,
ION iTTUSB Enabled Belt Drive Turntable Digitized Vinyl Tested & Works,$25.00,Pre-Owned,16.31,False,
Audio-Technica Fully Automatic Wireless Belt-Drive Turntable AT-LP60XBT-BK New,$212.47,Open Box,0,True,
"Record Player 3-Speed Vinyl Spinner 2 Built-in Stereo Speakers, Headphone Jack",$53.23,Brand New,24.16,False,
Record Player Vintage 3-Speed Bluetooth Vinyl Turntable Belt Driven Suitcase,$45.99,Brand New,0,False,332
Garrard Lab 75 Turntable - Base Only For Parts,$65.00,Parts Only,15.0,False,
Toshiba TY-LP100 MP3 Bluetooth Direct FULL SIZE USB Recording Turntable (USED),$74.00,Pre-Owned,31.8324,True,
Kenwood KD-291R Turntable,$89.65,Pre-Owned,13.43,False,
Vintage TOSHIBA SR-F770 DIRECT DRIVE Automatic Turntable W/ Manual & Box - Mint,$770.23,Pre-Owned,64.9,False,
Jensen JTA-222 Record Player 3-Speed Stereo Turntable with AM/FM Radio Tested,$24.99,Pre-Owned,8.99,False,
Boytone BT-24MB Bluetooth Classic Style Record Player Turntable with AM/FM,$145.00,Open Box,0,True,12
"Pro-ject Cover It RPM 5/9 Carbon, 1 1480 76 004",$175.00,Brand New,10.0,False,
Yamaha YP-511 Direct Drive Record Player Vintage Turntable Confirm electricity,$217.90,Pre-Owned,65.09,True,
Victor Monroe 8-in-1 Music Center w Streaming Capabilities and Built-In Speakers,$222.99,Brand New,0,False,
"Record Player Stand with Vinyl Storage, Record Player Table with Vinyl Record St",$88.85,Brand New,0,True,
"Belt Drive Turntable with Bluetooth Connectivity, Built-in Phono Pre-amp, USB Di",$186.99,Brand New,0,False,
NEW! Lowest Price replacement TK-24 Cart SLED for Dual Turntables TK14 / TK24,$14.45,Brand New,0,False,310
Crossley Cruiser Plus Turntable,$9.99,Pre-Owned,26.7,False,
"360-Degree Electric Rotating Turntable, Rechargeable Low Noise Adjustable Smo...",$27.02,Brand New,9.99,True,
New ION MAX LP USB Turntable Black Built-in Speakers Belt Drive 33/45/78 RPM,$200.00,Brand New,38.88,False,
Turntable Belt for  THORENS  TD121   TD124  TD124 MKII  TD135  Turntable   T13.1,$14.99,Brand New,0,True,634
Victrola Century Essential 5-in-1 Vinyl Stream Bluetooth Record Player Turntable,$89.00,Pre-Owned,0,True,
"iLIVE Turntable with Bluetooth Transmitter 3 Speed, Pitch, Anti skate Brand New",$39.99,Brand New,122.7,False,
Udreamer UD609 Vintage Suitcase Turntable Black,$45.99,Brand New,13.89,False,
Angels Horn HP-H019 Bluetooth Vinyl Turntable w Built-In Speakers - NEW -  READ,$120.00,Brand New,39.39,False,
Crosley CR6042A-WA Scout 3-Speed Bluetooth Turntable Record Player - Walnut,$99.99,Brand New,0,False,7
Victrola Hi-Res Carbon Turntable (black/silver) VPT-2500-BSL,$299.99,Brand New,0,False,
New -  ON Audio Compact LP USB Conversion Turntable,$69.95,Brand New,15.0,False,
Denton Dp30l Turntable Tested Vintage,$167.00,Pre-Owned,40.19,False,
RETROAUDIO Portable Suitcase Record Player  White Wireless 3 Speed,$33.00,Open Box,20.98,False,
"RETROAUDIO Record Player & Turntable with Speakers, Brown Black",$150.00,Brand New,10.66,False,
Ion Audio Archive Lp Digital Conversion Turntable With Built-In  Speakers (Read),$36.49,Pre-Owned,8.14,False,
*MINT CONDITION* Victrola Stream Turntable Works with Sonos VPT-3000 *OPEN BOX*,$494.99,Open Box,107.65,False,
"1Pcs Motor for Record Player, 3 Speed 33/45/78RPM Brush Electric Turntable Mo",$15.14,Brand New,0,False,
ClearClick All-in-One Turntable w/ CD Radio CD Aux USB A Art DECO style,$95.00,Pre-Owned,50.932,False,
The best 100% Synthetic Oil for lubricating your Turntables PERIOD,$13.34,Brand New,0,True,177
Crosley CR31D-WA Companion Radio - Walnut Open Box Savings!,$49.95,Open Box,0,False,21
Polaroid Model PBT4001 Black Record Player Turntable With Cable Not Tested,$29.99,Pre-Owned,0,False,
ClearClick Vintage Suitcase Turntable with Bluetooth & USB Classic Wooden Style,$119.95,Brand New,0,True,
Boytone BT-28SPW Bluetooth Classic Turntable Record CD Player AM/FM Radio Walnut,$179.95,Brand New,0,False,
Fluance Phono Preamp with RIAA EQ for MM Turntables/Vinyl Record Players,$99.99,Brand New,0,False,
Victrola VTA-810SB-WLN Century Essential 5-in-1 Music Center - Walnut(Used) #b,$38.25,Pre-Owned,30.002,False,
Jimi Hendrix - Jimi Hendrix - Are You Experienced - Graphic Turntable Slip Mat [,$19.99,Brand New,0,True,
LOT OF 16 - BARBERSHOP QUARTET - RECORD LP'S - GOOD PLUS CONDITION,$19.85,Pre-Owned,17.22,True,
Sony PS-LX300USB Turntable Record Player,$30.00,Pre-Owned,25.0,False,
Vintage Pioneer PL-12D turntable - spindle - with washer and nut - reoiled,$16.50,Parts Only,5.52,False,
360° Rotating Display Stand Electric Motorized Jewelry Photography Turntable,$14.98,Brand New,0,True,125
LUXMAN PD444 Turntable. Works On Both Speeds. Has Issues.  100 Volt Version.,"$1,200.00",Pre-Owned,120.0,False,
RSD Exclusive Black Friday 2025 Wicked For Good Turntable Green,$89.00,Brand New,20.98,False,
"ANGELS HORN Vinyl Record Player, Bluetooth Turntable with Built in Speakers",$149.99,Open Box,0,True,
"Ortofon Record Stabilizer - Regular, Black, 240g",$71.99,Brand New,0,False,
Crosley Cruiser Plus Portable Turntable with Bluetooth- Almond Checkerboard,$44.95,Open Box,0,False,
Victrola Premiere Turntable System T1 VTTS-1-ESP - ESPRESSO New Open Box *LOOK*,$139.95,Open Box,0,False,
Elegant 3-Tier Record Player Stand - Retro Vinyl Storage for Living Rooms,$59.49,Brand New,0,False,
Victrola Bluetooth Record Player VTA-240B-ESP-SDF,$80.99,Brand New,0,True,
Victrola Journey+ Bluetooth Suitcase Record Player- Black,$27.96,Open Box,14.88,True,
"Pyle PLTTB1 Professional Belt-Drive Turntable. Tested, Works Great!!!",$80.00,Pre-Owned,54.21,False,
3 Pcs Vinyl Turntable Cartridge with Needle Stylus for Vintage LP  Record Player,$7.99,Brand New,0,False,1168
Audio-Technica AT-LP60X Fully Automatic Belt-Drive Stereo Turntable Gunmetal,$189.00,Brand New,0,False,
ION QUICK PLAY LP  USB Powered LP-to-MP3 Turntable,$25.00,Open Box,20.98,False,
NEW Victrola - Century Signature+ Music Center - Walnut -6 IN 1,$129.99,Open Box,0,True,
Victrola VSC-725SB-LBL Re-Spin Bluetooth Suitcase Vinyl Record Player w/ Speaker,$59.99,Brand New,0,True,
Vinyl Record Player Turntable with Built-In Stereo Speaker  3-speed WIRELESS,$40.00,Brand New,10.0024,True,
BIC 960 Belt Drive Turntable Walnut 33/45 Auto Cycle ~ TESTED ~ SEE VIDEO,$213.13,Pre-Owned,59.13,False,
Boytone BT-24MB Bluetooth Classic Style Record Player Turntable with AM/FM,$145.00,Open Box,0,True,12
"Record Player Stand with Charging Station, Turntable Stand with Storage Cabin...",$71.99,Brand New,0,True,
Technics SL-1950 Turntable Spindle Single Play,$18.75,Brand New,0,False,
Turntable Belt for Phillips 22GA-427 GA-427 GA-437 with Tracking #,$10.50,Brand New,4.95,False,80
Vintage Pioneer PL-12D turntable Tone Arm rest,$15.25,Parts Only,5.52,False,
Sam&Johnny 5 Sizes Turntable Belt Rubber Flat Drive Belt for Repair Replacement,$16.38,Brand New,0,True,
RSD Exclusive Black Friday 2025 Wicked For Good Turntable Green,$89.00,Brand New,20.98,False,
Akai AP-206C Direct Drive Turntable Working Tested,$289.29,Pre-Owned,52.06,False,
Thorens TD 280 MK IV High-End 2 Speed Turntable,$525.00,Pre-Owned,24.99,True,
"The Beatles x Crosley 3"" Bluetooth Turntable Player with Carrying Case IN HAND!",$315.00,Brand New,6.72,False,
"360 Rotating Platform, 12.6 Inch /32Cm Motorized Electric Turntable, 350Lbs Capa",$99.93,Brand New,0,True,
"Victrola Empire Bluetooth 6-in-1 Record Player VTA-370B.2, Brown",$99.99,Pre-Owned,0,True,
"Acrylic Platter Upgrade for Pro-Ject Debut, Evo, T1, 1Xpression, Music Hall MMF,",$96.99,Brand New,0,False,
Technics SL-1500 Speed Repair Kit Capacitor Upgrade High-Quality Turntable Recap,$20.00,Brand New,6.0,True,196
Platter Belt AR ACOUSTIC RESEARCH 'AR The Turntable' AR-XA AR-XB ES-1 ES Narrow,$14.49,Brand New,0,True,1437
Wockoder Woodgrain Turntable Record Player YS-976,$21.00,Pre-Owned,16.31,False,
Michell: Record Clamp - Standard Fit,$79.95,Brand New,9.95,False,
"Original Micro seiki SF-1 belt for RX-5000, RX-8000 turntable",$70.00,Pre-Owned,10.0,False,
Heyday Black & Beige Turntable Belt Drive 33.3/45RPM Stereo RCA Outputs,$150.00,Pre-Owned,29.04,False,
HIGH-END Ariston RD80 Turntable belt drive. 45 And 33.3 Rpm,$364.35,Pre-Owned,72.87,False,
Fluance HiFi Vinyl Record Weight 760 Gram LP Disc Stabilizer Turntable Accessory,$49.99,Brand New,0,False,
NEW! Lowest Price replacement TK-24 Cart SLED for Dual Turntables TK14 / TK24,$14.45,Brand New,0,False,310
SpinCandy™ Turntable Isolation Feet for Audio Technica AT-LP120 Set of 4,$80.99,Brand New,0,False,
Angels Horn HP-H019 Bluetooth Vinyl Turntable w Built-In Speakers - NEW -  READ,$120.00,Brand New,39.39,False,
Victrola Fully Automatic Bluetooth Turntable w Audio Technica ATN3600L Cartridge,$149.00,Brand New,49.99,False,
Audio Technica AT-LPW50BT Bluetooth Manual Belt-Drive Turntable - Rosewood BNIB,$548.00,Brand New,0,False,
"UDREAMER UD001 TURNTABLE SYSTEM, BLUETOOTH IN, USB IN, RCA LINE OUT, W/SPEAKERS",$44.99,Open Box,13.8024,True,
1BY TURNTABLE RECORD PLAYER,$100.00,Brand New,7.6824,False,
Turntable Audio Converter by Sharper Image Turns Vinyl Record Audio To MP3,$45.00,Open Box,9.2,False,
Turntable Belt for Thorens TD-160     T2115,$14.99,Brand New,0,True,259
10*Black Record Player Turntable Belt Replacement Rubber Recorder Drive Belt,$15.79,Brand New,0,True,
Victrola Journey+ Bluetooth Suitcase Record Player- Turquoise,$27.96,Open Box,14.88,True,
Turntables Record Players 100% Synthetic Oil for lubricating-Large 4oz Bottle,$16.89,Brand New,0,True,
NEW!! 1 BY ONE Bluetooth Turntable HiFi System 33/45,$135.00,Brand New,20.69,False,
Crosley CR66 - Parts,$44.99,Parts Only,0,False,
Vinyl Record Player Wireless Bluetooth Turntable HiFi System Magnetic Cartridge,$89.99,Brand New,6.99,True,
Teac: Washi Paper Anti-Static Turntable Sheet,$39.99,Brand New,9.95,False,
Diamond Stylus Grace F-9   Andante E requires Scotch tape shims on cartridge.,$64.50,Brand New,0,False,
NUMARK TT-1510 Belt Drive Turntable 33-45 Tested DJ,$129.99,Pre-Owned,49.42,False,
Jensen 3-Speed Stereo Turntable AM/FM Stereo Radio Record Player JTA-222 NEW,$85.00,Brand New,0,True,
"Victrola Stranger Things WSQK Record Player - New, Open Box",$99.99,Open Box,0,False,
Turntable Belt for Pioneer PL-41 PL-41A PL-41C PL-41D PL-41DC PL-41F L35.1,$17.99,Brand New,0,True,530
Victrola VSC-450SB Bluetooth 3-Speed Suitcase Turntable NEW OB,$44.99,Open Box,20.98,True,
Victrola VTA-78 Eastwood LP Bluetooth 3-Speed Vinyl Turntable Walnut,$88.00,Open Box,35.0,False,
Micro-Seiki DDX-1000 Recap Kit Turntable Capacitor Replacement Set,$20.00,Brand New,6.0,True,
TECHNICS SME MOUNT HEADSHELL 4 COLORS & A FREE STYLUS BRUSH!!!,$21.95,Brand New,5.5,False,
Cycle Cam Replacement rubber tire for RCA RP-190 45-EY-2 45rpm Record Player,$9.95,Brand New,5.2024,False,920
Record Player Wireless Output Turntable Carbon Fiber Tonearm Vinyl Player Alumin,$233.87,Brand New,0,True,
Technics SL-1700 Direct Drive Turntable w/Stanton 681EEE Cartridge NICE,$149.99,Pre-Owned,24.99,False,
Audio-Technica  AT85EP Elliptical Phonograph Cartridge for P-Mount Turntables,$42.00,Brand New,0,False,291
TK-12 Cartridge Holder SLED for Dual 1019 Turntables and more,$24.95,Brand New,0,False,
Stanton 680E  V3 Turntable Cartridge and Stylus,$169.99,Pre-Owned,12.88,False,
Victrola VTA-810SB-WLN Century Essential 5-in-1 Music Center - Walnut(Used) #b,$38.25,Pre-Owned,30.002,False,
Discovery II Bluetooth Record Player Stand with 3-Speed Turntable (Yellow),$137.60,Brand New,18.0023,False,
Sony PS-T15 Direct Drive Turntable Stereo RCA Silver Black 33/45RPM,$60.00,Pre-Owned,132.89,False,
Victrola Century Essential 5-in-1 Vinyl Stream Bluetooth Record Player Turntable,$89.00,Pre-Owned,0,True,
Crosley Cr6249a-em1 Keepsake USB Vintage Turntable,$69.99,Pre-Owned,0,False,
Vinyl Record Player Wireless Bluetooth Turntable HiFi System Magnetic Cartridge,$89.99,Brand New,6.99,True,
Glinda Wicked For Good Crosley RSD Black Friday Cruiser Plus Pink NIB FAST SHIP,$180.00,Brand New,0,False,
Vinyl Record 3 Speed Player Wireless Bluetooth Turntable with Built-in Speakers,$43.99,Brand New,0,False,
Dual Cartridge SLED for Dual Turntables TK14 / TK24 for 1219 1229 etc,$14.78,Brand New,0,False,1054
TEAC P-988 Full-Automatic Turntable System Vintage Black Record Player Tested,$60.00,Pre-Owned,30.2,False,
Crosley CR8005A Black One Direction Headphone Jack Record Player,$61.00,Pre-Owned,14.99,True,
Electric 360° Rotating Turntable Display Stand For Jewelry Showcase Photo-shoot,$8.98,Brand New,0,False,82
Kenwood KD-2000 Vintage Automatic Return Belt Drive Turntable. With Cartridge.,$159.00,Pre-Owned,30.0,False,
Victrola The Kingfield Bluetooth Record Player Shelf System with Bookshelf,$116.99,Brand New,0,True,13
Audio-Technica  AT85EP Elliptical Phonograph Cartridge for P-Mount Turntables,$42.00,Brand New,0,False,56
"45 RPM Adapter, for 7 Inch Vinyl Record Players and Technics Turntables, Solid A",$8.85,Brand New,0,False,
ION PROFILE LP USB Turntable Turn Records into MP3s - Missing Cables,$24.99,Pre-Owned,10.66,False,
Victrola VPT-3000 Stream Carbon 2 Speed Turntable Works With Sonos (WORKS GREAT),$479.99,Pre-Owned,0,True,
Crosley 5-in-1 Brown Record Player Turntable Cassette AM/FM Radio,$65.00,Pre-Owned,24.16,False,
"TURNTABLE BELT FOR JCPENNEY MCS-6400, MCS-6202, 6230, 6710",$9.99,Brand New,0,True,113
Ion Audio Archive Lp Digital Conversion Turntable With Built-In  Speakers (Read),$36.49,Pre-Owned,8.14,False,
Spring Feet Turn Table NEW DESIGN 4 or 5 spring- fits most tables- Set of 4,$25.00,Brand New,4.47,False,
"Liquid Bearings, BEST 100%-synthetic oil for Pro-Ject or any turntable, READ!!",$16.99,Brand New,0,True,92
"Used, Condition Is Not Great, But It Does Work As It Should. See Pics!",$24.95,Pre-Owned,0,False,
HIGH-END Ariston RD80 Turntable belt drive. 45 And 33.3 Rpm,$364.35,Pre-Owned,72.87,False,
New ANDERS NICHOLSON Model 2665 ~ 3 Speed Turntable with AM / FM Stereo Radio,$48.99,Open Box,23.08,False,
Victrola The Liberty Espresso 8-in-1 Bluetooth Turntable Record Player,$95.96,Open Box,16.67,True,
10-in-1 Bluetooth Record Player Multifunctional 3-Speed Turntable Vinyl Record,$109.99,Brand New,0,True,
Toshiba SR-F335 Fully Automatic Turntable Record Player With Ortofon 2M Red Cart,$450.00,Pre-Owned,45.0,False,
MUSIC HALL MMF Mark 1 Walnut Belt-Drive Turntable w/Cartridge AUTHORIZED-DEALER,$345.00,Brand New,35.0,False,
*NEW*Audio-Technica AT6012 Record Care Kit for LP/EP Records,$19.99,Brand New,8.46,False,
Premium Aluminum Record Weight Stabilizer Turntable Vinyl Record 0.11 oz Black🔥,$34.65,Pre-Owned,17.65,False,
"TURNTABLE BELT FOR TECHNICS SL-B350, SL-B500, SL-B202, SL-B205, SL-B210, SL-B220",$9.99,Brand New,0,True,218
TE-2019 Model 6-in-1 Record Player Turntable,$44.66,Brand New,8.83,False,
Wockoder Woodgrain Turntable Record Player YS-976,$21.00,Pre-Owned,16.31,False,
Set of 3 Idler wheel For RCA 45 RPM Record Changer RP-168 /190 Changer Mechanism,$46.99,Brand New,9.99,False,
RARE Sharper Image DJ Turntable Audio Converter Turns Vinyl Records Audio To MP3,$39.95,Brand New,0,False,
Victrola Record Player Eastwood II VTA 74 Wooden Look #3,$39.99,Pre-Owned,15.0,False,
Crosley CR6045A-WA Miles 3-Speed Bluetooth Record Player - Walnut,$109.99,Brand New,0,False,
Pro-Ject Debut EVO 2 Turntable with Pick it MM EVO Cartridge Satin Window Grey,$599.99,Pre-Owned,95.46,False,
Clasico Toca Discos Consola Rocola Portátil Bluethooth Regalo De Navidad,$52.76,Brand New,0,True,
Teac: TN-400BT-X Turntable w/ Bluetooth - Walnut (TN400BTXWA),$629.99,Brand New,0,False,
Audio Technica - AT-LP60PK - UO Limited Edition Pink Turntable (Discontinued),$725.00,Pre-Owned,51.48,False,
Wireless Turntable Player M49 Brown,$75.00,Brand New,0,False,
Record Player Stand Turntable Stand W/ 3-Tier Vinyl Record Storage Record Player,$59.35,Brand New,0,False,
Michell: Record Clamp - Standard Fit,$79.95,Brand New,9.95,False,
Teac: Washi Paper Anti-Static Turntable Sheet,$39.99,Brand New,9.95,False,
Optical Illusion - 3D Bolts - Graphic Turntable Slip Mat [New Vinyl Accessory],$19.99,Brand New,0,True,
Mid-Century Modern Record Player Stand with 3-Tier Vinyl Storage for 200 Albums,$81.69,Brand New,0,True,
Crosley C6B-MA Belt-Drive Bluetooth Turntable w/ Adjustable Tone Arm - Mahogany,$189.99,Brand New,0,False,
Victrola WSQK Record Player,$83.29,Open Box,0,True,57
Crosley C300 2-Speed Bluetooth Out Fully Automatic Turntable - Black C300A-BK,$199.00,Brand New,0,False,
"Produtrend Portable Turntable 3 Speed Record Player Suitcase-Built, Color Orange",$30.99,Open Box,0,False,
Record Store Day 2019 RSD3 Mini Turntable and Five 3-inch Vinyl Records RSD2019,$149.00,Brand New,13.85,False,
WOCKODER KD-2008 Turntable Vinyl record player 33/45/78 built-in speaker NIB,$49.99,Brand New,11.4024,True,
"Fluance RT85 Vinyl Turntable, PA10 Preamp, Ai81 Powered Floorstanding Speakers","$1,252.98",Brand New,0,False,
"RCA AP1 Underdash 45rpm Record Player, Control Panel Replacement",$20.00,Brand New,5.5024,False,
Fuse Floating Record Player Turntable Record Player Vinyl,$100.00,Pre-Owned,30.96,False,
Garrard LAB 80 Turntable Record Player Metal Platter Replacement,$24.99,Pre-Owned,19.5,False,
Dual Electronics: CS 329 Fully Automatic Turntable - Black,$499.00,Brand New,0,False,
Turntable Belt for PIONEER PL-X21K PL-211AZ PL-210   PL-210AZ  Turntable 21.4,$13.99,Brand New,0,True,90
"Fluance Vinyl Record Cleaning Kit with Anti-Static, Velvet & Stylus Brushes",$29.99,Brand New,0,False,
"U-Turn Audio Orbit with Pluto Pre-amp, Grado Black Cartridge, and Cork Mat",$155.17,Pre-Owned,30.0,False,
Pro-Ject Sweep It E Record Brush Black,$139.00,Brand New,0,False,
Crowley CR8005A Cruiser Chalkboard Record / Turntable Player With Chalk & Eraser,$79.99,Brand New,10.95,False,
Electric Rotary Table CNC Indexing High Precision Turntable Rotary 100mm 180:1,$301.99,Brand New,0,True,
"JENSEN JTA-475B 3-Speed Stereo Turntable with CD System, Cassette, and AM/FM",$176.40,Brand New,0,False,
Vinyl LP Turntable Alignment Protractor for Phono Cartridge Stylus Tonearm New,$125.99,Brand New,0,False,
GENUINE Audio Technica AT3600L  cartridge DIAMOND Stylus Brand New  USA seller,$18.95,Brand New,0,True,367
"2.6g Anti-skate Weight for Music Hall turntables,Pro-ject Turntables,SME30193012",$7.97,Brand New,5.99,False,149
TAYLOR SWIFT Album RECORD PLAYER Turntable Decoupage Vinyl - Life of a Showgirl,$239.99,Brand New,0,True,
Audio-Technica  AT85EP Elliptical Phonograph Cartridge for P-Mount Turntables,$42.00,Brand New,5.5,True,29
White Sculpture Turntable Rotatable Working Lifting Display Table Stand 15*15in,$286.20,Brand New,0,False,
CHUO DENSHI TURNTABLE CARTRIDGE FOR MANY LOW COST TURNTABLES & RECORD CHANGERS,$9.95,Brand New,3.75,True,
Technics SL-1600 SL-1700 SL-1800 Speed Repair Kit Capacitors Turntable Recap Set,$16.00,Brand New,6.0,True,200
Genuine Audio-Technica AT-VM95C Dual Moving Magnet Turntable Cartridge,$44.99,Brand New,0,True,
"Nagaoka MP-100 Head shell, Cartridge, Stylus W/ Case BARELY USED US SELLER",$165.00,Pre-Owned,9.26,False,
"TURNTABLE BELT FOR ROTEL RP-100, RP-830, RP-1000, RP-1100Q, RP-2500",$9.99,Brand New,0,True,
"TURNTABLE BELT FOR VECTOR RESEARCH VT-150, VT-155, VT-160",$9.99,Brand New,0,True,
"TURNTABLE BELT FOR JVC AL-A155TNX, AL-A155TWX, EG-1050, VL-5 LA-100, LA-X3 L-A31",$9.99,Brand New,0,True,
"TURNTABLE BELT FOR ZENITH LR-919P, IS-4170, IS-4175, IS-4081, IS-4090, 169-579",$9.99,Brand New,0,True,
"Pro-Ject Acryl It RPM 1 Carbon Platter, 1 949 676 028",$150.00,Open Box,5.0,False,
Cork Turntable Mat/3mm Thick for Better Sound Support on 11.8 Inches Vinyl LP...,$16.99,Brand New,0,False,
"Pro-Ject Acryl It E, Main Platter, 1 949 676 021, used.",$85.00,Pre-Owned,5.0,False,
"Record Weight Stabilizer, Turntable and Vinyl Record Weight, Premium Vinyl St...",$14.60,Brand New,0,True,
Victrola Eastwood Signature Bluetooth Record Player Turntable,$43.99,Pre-Owned,13.81,False,
Fisher-Price Record Player Turntable Vtg Retro Colors 1978 Works,$29.00,Pre-Owned,27.25,False,
Vintage Pioneer PL-12D turntable - spindle - with washer and nut - reoiled,$16.50,Parts Only,5.52,False,
"1X  Dual Turntable #216844 223777 Guide Steuerpimpel 1219 1229 1229Q  701, etc",$8.99,Brand New,0,False,363
Audio Technica AT-LP120-USB Direct Drive Professional Turntable- 33+78rpm NEEDLE,$488.00,Pre-Owned,43.73,False,
Crosley Cruiser Deluxe Record Player Grateful Dead Dogfish Head Turntable used,$85.00,Pre-Owned,47.59,False,
Denon DP-45F Direct Drive Quartz Lock Fully Automatic Turntable Tested JAPAN,$323.25,Pre-Owned,0,True,
"TURNTABLE BELT FOR SANSUI SR-1050, SR-2050C, FR-1080, M-220, AV-1700",$9.99,Brand New,0,True,158
TURNTABLE BELT FOR ONKYO CP-30M CP-101A CP-1010 CP-1100A CP-1011F CP-1000A,$9.99,Brand New,0,True,170
STYLUS for SONY PS-LX250H PS-LX295 PS-LX300USB ND142G ND155G etc Diamond Needle,$15.89,Brand New,0,False,1262
LCYLFH Phonograph Turntable Ground Wire for Magnetic Cartridge RED,$9.36,Brand New,0,True,
Technics SL-D202 & SL-D303 Speed Repair Kit Capacitors Turntable Recap Set,$12.00,Brand New,6.0,True,
SpinCandy™ Turntable Isolation Feet for Audio Technica AT-LP120 Set of 4,$80.99,Brand New,0,False,
Phonograph Turntable Needle Stylus Sony PS-LX300 PS-LX300USB PSLX200 LP Vinyl,$14.47,Brand New,0,False,31
Turntable Belt for Phillips 22GA-427 GA-427 GA-437 with Tracking #,$10.50,Brand New,4.95,False,80
DJTECH USOLOMKII Digital DJ Turntable,$115.00,Brand New,0,False,
New Technics Tonearm Belt SL-J2 SL-J11D SL-J110R SL-J300R SL-J3 SL-J33 SL-L1,$7.75,Brand New,4.95,False,112
TURNTABLE BELT FOR THORENS TD-165 TD-165C TD-574 TD-125 TD-145 TD-160 TD-126,$9.99,Brand New,0,True,359
"TURNTABLE BELT FOR TECHNICS SL-3, SL-18, SL-23, SL-33 SL-42 SL-200K SL-B30 SL-B3",$9.99,Brand New,0,True,283
Metallica - Metallica - Master of Puppets - Slip Mat [New Vinyl Accessory] One S,$14.99,Brand New,0,True,
"Brand New High Quality Belt: JVC LA10 L-A10, LA-10 LA11, L-A11, LA-11 Turntable",$8.88,Brand New,1.99,True,68
STYLUS FOR Pro-Ject & Como TURNTABLES ORTOFON OM 5 STYLUS / NEEDLE  NEW  IN BOX,$62.99,Brand New,0,True,
Record Weight Stabilizer for Turntable Premium Vinyl Stabilizer Silvery,$17.17,Brand New,0,False,
EG530SD-3F DC5-12V 3-Speed 33/45/78 Adjustable Metal Turntables Motor Sleeve ...,$19.82,Brand New,0,True,
CERAMIC Turntable Cartridge with Two Side Stylus   LP/ 78 For Crosley And Others,$11.99,Brand New,0,True,
Denon DP-59L Turntable Record Player 100V Tested Works Japan w/ Headshell Cartri,$858.00,Pre-Owned,0,True,
Genuine Original Marantz 6100 Turntable tone arm counter weight,$80.00,Pre-Owned,5.52,False,
Audio-Technica AT-VM95ML Dual Moving Magnet Cartridge,$179.00,Brand New,0,False,
Audio-Technica AT-SB727 Yellow Color SOUND BURGER Record Player Turntable NEW,$198.96,Brand New,40.0,True,121
Slick Liquid Lube Bearings 100% Synthetic Oil for Technics and All Turntables,$9.97,Brand New,5.82,True,
"20cm 360° Electric Rotating Turntable, Rechargeable Low Noise Display Stand Show",$19.00,Brand New,0,False,
"Liquid Bearings 100%-synthetic oil for Thorens and all turntables, PLEASE READ!",$16.99,,0,True,393
High Quality Cartridge Headshell Phono Cartridge Wires Leads Gold OFC Copper,$9.43,Brand New,0,False,1030
Record Player Mat 2pcs Turntable Slipmat 12Inch Felt Protective Platter MatAn...,$12.73,Brand New,0,False,
Audio-Technica AT-LP3XBT AUTOMATIC TURNTABLE BELT (1 NEW BELT) NICE!,$14.00,Brand New,4.95,False,
"12V AC Adapter for Ion Classic LP, Max LP Conversion Turntable Power Supply Cord",$8.95,Brand New,4.95,True,87
PHONOGRAPH RECORD PLAYER TURNTABLE DRIVE BELT PRB FRX 20.7 INCHES,$12.49,Brand New,0,False,
2pcs Turntable Dust Hinge Cover for KENWOOD KD-291R TURNTABLE,$40.99,Brand New,0,True,
Turntable with CD Player Cassette BT FM Radio USB,$248.86,Brand New,0,False,
Victrola Journey Bluetooth Portable Suitcase Record Player,$35.00,Open Box,10.33,False,
"BT-22M, Bluetooth Record Player Turntable, AM/FM Radio, Cassette, CD Player, 2 B",$206.16,Brand New,0,False,
VINTAGE Sonic Capri 560 Turntable Record Player 45 Watts High Fidelity COOL!!,$99.00,Pre-Owned,60.28,False,
3-Tier Vinyl Record Player Stand Turntable Stand Holds 200 Albums Corner Storage,$110.99,Brand New,0,True,
"Vinyl Record Storage,Vinyl Record Holder Up 12.2""D x 16.14""W x 14.3""H X Style",$47.07,Brand New,0,False,
Technics SL-1300 Speed Repair Kit Capacitor Upgrade High-Quality Turntable Recap,$20.00,Brand New,6.0,True,108
"Dust Cover Hinge Turntable Part FITS PS-150, PS-155, PS-252, PS-LXZ, PS-LX1  A",$16.88,Brand New,0,False,17
"Premium Anti-Static&Zero-Dust Stylus Cleaner,Dirt and Debris Dry CleaningMixture",$19.99,Brand New,0,True,
Premium Aluminum Record Weight Stabilizer Turntable Vinyl Record 0.11 oz Black🔥,$34.65,Pre-Owned,17.65,False,
CROSLEY CR704 CR704C TURNTABLE BELT  Free Ship,$11.89,Brand New,0,False,96
Yamaha Natural Sound Stereo Turntable Record Player P-09 Made In Japan,$140.45,Pre-Owned,68.86,False,
Anti-Static Cork Turntable Mat–Recessed Design for Sound Quality&Vibration Cloth,$14.27,Brand New,0,False,
AUDIO CLASSIQUE ACRYLIC PLATTER MAT FOR TRANSCRIPTOR & MICHELL: A SUPERB UPGRADE,$40.02,Brand New,20.01,False,
Victor Andover 5-in-1 Music Center with Chair-Height Legs and 3-Speed Turntable,$135.99,Brand New,0,False,
Wireless Turntable Player M49 Brown,$75.00,Brand New,0,False,
Heyday E490 Black & Beige Turntable Belt Drive 33/45RPM Stereo RCA Out Bluetooth,$119.00,Pre-Owned,22.18,False,
Victrola Automatic VPT-800-BLK Fully Automatic Bluetooth Turntable Black,$124.95,Brand New,16.53,False,
Bags Unlimited S1010R - 10 Inch 78 RPM Record Sleeves - No Flap 10 Count (Clear),$16.58,Brand New,0,True,
"GRIMM'S HANA SH/SL-Mk2, MH ML PHONO CARTRIDGE BAERWALD PROTRACTOR, EASY ACCURACY",$35.00,Brand New,8.75,False,42
House of Marley Stir It Up Turntable Record Player Brown/Black/Silver,$110.00,Pre-Owned,33.29,False,
Herbie's Way Excellent turntable mat 3mm,$35.00,Pre-Owned,0,False,
Yamaha YP-700C Belt Drive Record Player Maintained 100V 50/60Hz Excellent,$355.00,Pre-Owned,70.0,True,50
"uk      GRIMM'S HANA SH/SL-Mk2, MH ML PHONO CARTRIDGE BAERWALD PROTRACTOR",$35.00,Brand New,8.75,False,
Sony PS-X60 Speed Repair Kit Capacitors Turntable Recap Set,$20.00,Brand New,6.0,True,
Victrola Automatic Turntable VPT-800-BLK Black – For Parts / Not Working,$39.20,Parts Only,0,True,
"Brand New High Quality Belt: JVC LA10 L-A10, LA-10 LA11, L-A11, LA-11 Turntable",$8.88,Brand New,1.99,True,68
"Display 360 Degree Electric Turntable,For Small Product Display, 7.87In D",$27.75,Brand New,0,True,
Yamaha YP-D51 Direct Drive Record Player Turntable Confirmed Excellent Operation,$405.00,Pre-Owned,70.0,True,19
"Victrola Automatic Turntable Black, Model VPT-2000-BLK-ATE slightly used in Box",$300.00,Pre-Owned,110.44,False,
Wicked For Good Crosley RSD Black Friday Cruiser Plus Green & Pink FULL SET NIB,$340.00,Brand New,0,False,
Crosley Cruiser Plus Portable Turntable with Bluetooth In/Out - Red,$44.95,Open Box,0,False,
Victrola The Lewis Mahogany 8-in-1 Bluetooth Turntable Record Player,$95.96,Open Box,14.88,True,
Turntable Belt for HITACHI HT-20S  HT-21  HT-320  HT-324     22,$13.99,Brand New,0,True,247
"Auto Turntable for 3D Scanners, Easy Scanning of Featureless and Small",$46.79,Brand New,0,False,
IT Turntable,$9.99,Pre-Owned,26.7,False,
Danfi Audio -6 in 1 Record Player Bluetooth Turntable Built-in Speaker USB Open,$33.20,Open Box,23.08,False,
SEALED Hudson Hi-Fi Turntable Cartridge Alignment Protractor Mat,$29.99,Brand New,6.88,False,
Technics SL-1100 SL-1100A SL-110 Speed Repair Kit Capacitors Turntable Recap Set,$25.00,Brand New,6.0,True,95
Compact All-in-One Record Player with External Speakers & Bluetooth Connectivity,$130.00,Open Box,0,False,
"Amari LP-10mk  Magnetic Levitation Turntable - High End  9"" Tonearm + Cartridge",$999.00,Brand New,75.0,False,
Bauhn Suitcase Record Player Turntable USB AUX Input NEW IN BOX NEVER USED,$34.99,Brand New,12.99,False,
GENUINE Tetrad BSR flip  Needle T1LS  Stylus.    Extra Value  3 In Package,$11.99,Brand New,0,True,
Record Store Day 2019 RSD3 Mini Turntable and Five 3-inch Vinyl Records RSD2019,$149.00,Brand New,13.85,False,
Cork Turntable Mat/3mm Thick for Better Sound Support on 11.8 Inches Vinyl LP...,$16.99,Brand New,0,False,
Crosley Cruiser Plus Portable Turntable Bluetooth – CR8005F-BU,$39.99,Pre-Owned,11.4024,False,
Suit Case Record Player *BRAND NEW*,$15.99,Brand New,13.89,False,
Technics SL-1400 Speed Repair Kit Capacitors Turntable Recap Set SL-1410,$13.00,Brand New,6.0,True,
Turntable suspended isolation Leveling feet foot Load Set of 4 Black,$72.87,Brand New,0,False,
RARE Sharper Image DJ Turntable Audio Converter Turns Vinyl Records Audio To MP3,$39.95,Brand New,0,False,
"TURNTABLE STYLUS NEEDLE FOR SHURE M92E, 500S, 800E, HE50S, HE100E, PRO-4",$16.99,Brand New,0,True,
TTWeight Classic 454g Aluminum Turntable Record Weight Level,$100.00,Pre-Owned,10.002,False,
TURNTABLE  BELT  REPLACEMENT FOR  TEAC TN-300  *FREE SHIP*,$17.88,Brand New,0,False,
7 Inch Turntable Mat Rubber Silicone Slipmat Pad for Vinyl Record Player,$10.40,Brand New,0,True,
PIONEER PL-450 TURNTABLE TONEARM REST & LOCK ONLY PLEASE CHECK PICS 🔥 MINT COND,$28.05,Pre-Owned,8.75,False,
"Victrola Turntable & Multimedia Bluetooth Connectivity, Radio, Cassette",$99.59,Open Box,0,False,
Turntable Belt for EMERSON NR303TT MC-1434    207,$13.99,Brand New,0,True,157
Classic Belt-Driven Turntable with Built-in Speakers & AUX Input for Home Audio,$67.19,Brand New,0,True,
"45 rpm Record Adapter  Silver  Dome W/level Aluminum for 7"" Inch Vinyl Records",$10.99,Brand New,0,True,
SoundBeast All-in-One Turntable - Record Player Bluetooth CD Cassette Tape FM,$179.95,Brand New,0,True,
Crosley CR6023A Wood Turntable Record Player Bluetooth AM/FM Radio Natural,$59.98,Pre-Owned,0,True,
Victrola - Harmony Bluetooth Turntable System with Speakers - Black,$120.00,Pre-Owned,25.0023,False,
Crosley CR6019A Executive Portable Record Player USB Belt Drive Brown Black,$39.50,Open Box,16.31,False,
Vintage Turntable Replacement Feet for Pioneer PL-512/514/516/518/540/560,$29.98,Brand New,5.77,True,151
GENUINE  Tetrad/BSR flip style T2MD DIAMOND SAPPHIRE Lp/78,$11.99,Brand New,0,True,342
Cycle Cam Replacement rubber tire for RCA RP-190 45-EY-2 45rpm Record Player,$9.95,Brand New,5.2024,False,920
Vintage TOSHIBA SR-F770 DIRECT DRIVE Automatic Turntable W/ Manual & Box - Mint,$770.23,Pre-Owned,64.9,False,
NAGAOKA MP-200H NEW 2026 MADE IN JAPAN CARTRIDGE+Headshell by AUTHORIZED DEALER,$414.98,Brand New,8.98,False,27
NUMARK TT-1510 Belt Drive Turntable 33-45 Tested DJ,$129.99,Pre-Owned,49.42,False,
"5 Pieces Turntable Belt with 5 Record Player Needle, Replacement Black",$17.26,Brand New,0,True,
"Wicked : For Good RSD Glinda Bundle (Turntable, Soundtrack, & Tote Bag) SEALED",$175.00,Brand New,28.09,False,
"Acrylic Turntable Platter Mat, 12 Inches Acrylic Slipmat for Vinyl LP Record",$16.44,Brand New,0,False,
Boytone BT-22M Bluetooth Record Player Turntable AM/FM Radio Cassette CD,$129.00,Brand New,0,True,19
World's Smallest Portable Record Player Candy Blue Stokyo SOUNDWAGON New in Box,$129.95,Brand New,5.95,True,
Aiwa Stereo Turntable System model PX-E860U Vintage 1999,$39.99,Pre-Owned,19.26,False,
Technics SL-6 Linear Tracking Turntable Fully Automatic Direct Drive Tested Read,$139.99,Pre-Owned,21.9624,False,
"Belt Drive Turntable for Vinyl Record Player,Connect with Bluetooth Speakers",$193.99,Brand New,0,False,
TURNTABLE BELT FOR TECHNICS SL-B5 SG-J555 SL-B300 SL-B303 SL-H205 SL-B20 SL-BD27,$9.99,Brand New,0,True,147
Ariston Audio RD11 Superieur Belt Drive Turntable with Audioquest PT-8 Arm,$650.00,Pre-Owned,90.0,False,
TANNOY MICRO TM33 belt drive turntable ...NO RETURNS...PARTS ONLY...,$325.80,Parts Only,74.9,False,
Victrola VSC-450SB Journey Bluetooth Signature Turntable Vinyl Record Player W/b,$22.49,Pre-Owned,21.86,True,
Dual Cartridge SLED for Dual Turntables TK14 / TK24 for 1219 1229 etc,$14.78,Brand New,0,False,1054
ION iTTUSB Silver USB Turntable Record Player 33 45 RPM Works No Top,$999.00,Pre-Owned,0,True,
ONE DIRECTION 2014 Crosley Cruiser Record Player w/ Power Cord & Needle WORKS,$249.99,Pre-Owned,18.99,False,
4 Pcs Turntable Feet Aluminum HiFi Turntable Isolation Feet Aluminum Stand Sp...,$35.00,Brand New,0,True,
"Victrola Stranger Things WSQK Record Player - New, Open Box",$99.99,Open Box,0,False,
"Brand New High Quality Belt: JVC LA10 L-A10, LA-10 LA11, L-A11, LA-11 Turntable",$8.88,Brand New,1.99,True,68
Crosley X Wicked For Good Elphaba EMERALD Turntable Record Store Day RSD 2025,$105.00,Brand New,10.0,False,
"TECHPLAY IEP8 COMPACT RECORD PLAYER PLATTER MAT 8"" (20cm) ANTI STATIC BLACK FELT",$4.99,Brand New,4.992,False,
"U-Turn Audio Orbit White Turntable Record Player, Belt Drive, 33/45RPM RCA",$159.50,Pre-Owned,0,False,
1byone Stereo Turmble Convert Record to MP3s Turntable Player USB MP3 Black,$50.00,Open Box,20.69,False,
"Red Aluminum 45 RPM Record Adapter for Record Player 7"" Vinyl Turntable",$10.35,Brand New,0,False,
New Tonearm Belt Pioneer PL-L90 PL-630 PL-707 PL-910 PL-L1000 with TRACKING #,$8.75,Brand New,4.95,False,149
Diner Jukebox Tabletop Bluetooth Speaker Chrome Plated Retro Silver - Used,$25.00,Pre-Owned,10.0,False,
10x Turntable Belt Diameter 121/128/150/172/178/181/190/195/203/300 Rubber Belt,$14.87,Brand New,0,False,
"45 RPM Vinyl Record Adapter, 7 Inch Center Hole Insert for Turntables, Red (3)",$2.97,Brand New,4.99,False,33
Victor QL-A70 Auto-Lift Direct Drive Turntable in Good Condition,$750.00,Pre-Owned,150.0,False,
Accutrac+6 3500/1-RVC Turntable Record Player Vintage Multi-Disc Retro,$175.00,Pre-Owned,34.42,False,
⭐️⭐️⭐️⭐️⭐️ Wireless Bluetooth Vinyl Record Player Turntable w/ Built-In Speakers,$44.91,Open Box,0,True,
Crosley Record Player Turntable Cruiser Plus Bluetooth - CR8005F-WS Used,$24.99,Pre-Owned,13.4524,False,
"Fluance IB40 Turntable Isolation Base Anti-Vibration Wood Platform, Bubble Level",$149.98,Brand New,0,False,
Sony PS-LX300USB Turntable Record Player,$30.00,Pre-Owned,25.0,False,
Techni Craft TC 1000 Turntable Cartridge Needs Stylus Japan Technicraft,$15.00,Pre-Owned,4.0024,False,
Vintage Harman Kardon T55C Auto Lift Turntable Rare,$375.00,Pre-Owned,110.44,False,
ION Audio Air LP Turntable Vinyl Record Working Boxed,$23.74,Parts Only,20.0,False,
Vintage Hitachi Turntable Record Player Uni Torque Direct Drive Ps-15  as is,$400.00,Parts Only,126.58,False,
Vintage Pioneer PL-12D Turntable Base Plate,$13.00,Parts Only,9.65,False,
"Discwasher RD1007Z D4+ Record Care System - Fluid, Brush & Storage Bag (Black &",$20.84,Brand New,0,True,
"**NEW** Victrola Journey+ Suitcase Record Player Bluetooth Turntable, Gray Linen",$48.00,Open Box,0,False,
Bluetooth Turntable with Magnetic Stylus USB Recording and Adjustable Tonearm,$140.90,Brand New,0,True,
❅EXCELLENT❅ Record Player w Built-In Speaker ~VIBE SOUND~ USB Turntable ☆SONOMA☆,$38.90,Pre-Owned,0,False,
Audio Technica AT-LP3XBT Automatic Belt Turntable,$379.00,Brand New,0,True,
Electric Turntable 360 Degree Display 7.87in Rotating Stand For Product Photos,$26.79,Brand New,0,True,
Herbie's Way Excellent turntable mat 3mm,$35.00,Pre-Owned,0,False,
Victrola Bluetooth 3-Speed Portable Turntable Blue Stereo Speakers Aux-In,$46.24,Open Box,20.98,False,
Wockoder Woodgrain Turntable Record Player YS-976,$21.00,Pre-Owned,16.31,False,
New 10pcs Turntable Belt Different Specifications Rubber Belt Replace Turntable,$14.92,Brand New,0,True,
5V 1A 2A Charger for Record Player Power Cord Fit for Vinyl Suitcase Turntable P,$13.13,Brand New,0,True,
NEW!! 1 BY ONE Bluetooth Turntable HiFi System 33/45,$135.00,Brand New,20.69,False,
ION iTTUSB Enabled Belt Drive Turntable Digitized Vinyl Tested & Works,$25.00,Pre-Owned,16.31,False,
AT3600 AT3600L Dynamic Turntable Magnetic Cartridge For Audio-Technica W/ Needle,$21.99,Brand New,0,False,254
